{
  "RandomForest": {
    "mae": 0.06549262759924389,
    "rmse": 0.27371223854152055
  },
  "XGBoost": {
    "mae": 0.05764009306894238,
    "rmse": 0.2183249256475587
  },
  "LSTM": {
    "mae": 0.291778699690881,
    "rmse": 0.48868763268334237
  }
}