{
  "RandomForest": {
    "mae": 0.06771398865784503,
    "rmse": 0.2888410808077566
  },
  "XGBoost": {
    "mae": 0.056376727293470305,
    "rmse": 0.19577843907392845
  },
  "LSTM": {
    "mae": 0.2677099057277119,
    "rmse": 0.48184829237201005
  }
}