{
  "RandomForest": {
    "mae": 0.02616072329688821,
    "rmse": 0.21278882478387223
  },
  "XGBoost": {
    "mae": 0.03103165187269427,
    "rmse": 0.16166333487030538
  }
}