{
  "naive_last": {
    "mae": 2.5445016319357268,
    "rmse": 5.430412524920271,
    "mape": 9702209.786129763
  },
  "moving_avg": {
    "mae": 2.327515273244623,
    "rmse": 4.494923420721416,
    "mape": 9818972.614803711
  },
  "seasonal_naive": {
    "mae": 2.5853401958322872,
    "rmse": 5.4848479735993925,
    "mape": 10033040.815926285
  },
  "rf": {
    "mae": 2.5445016319357268,
    "rmse": 5.430412524920271,
    "mape": 9702209.786129763
  },
  "xgb": {
    "mae": 2.5445016319357268,
    "rmse": 5.430412524920271,
    "mape": 9702209.786129763
  }
}