{
  "mae": 0.07911558717666176,
  "rmse": 0.19653024226462912,
  "r2": 0.9950295868148166
}