{
  "mae": 0.06790821167897336,
  "rmse": 0.21877445107220614,
  "r2": 0.9938407629466217
}