{
  "mae": 0.056376727293470305,
  "rmse": 0.19577843907392845,
  "r2": 0.9950675415352526
}