{
  "mae": 0.02924353762917851,
  "rmse": 0.1613172496467926,
  "r2": 0.9979407603849202
}